<beans xmlns="http://www.springframework.org/schema/beans" 
    xmlns:xsi="http://www.w3.org/2001/XMLSchema-instance" 
    xmlns:p="http://www.springframework.org/schema/p" 
    xmlns:mvc="http://www.springframework.org/schema/mvc"  
    xmlns:context="http://www.springframework.org/schema/context" 
    xsi:schemaLocation=" http://www.springframework.org/schema/beans  
        http://www.springframework.org/schema/beans/spring-beans.xsd  
        http://www.springframework.org/schema/context  
        http://www.springframework.org/schema/context/spring-context.xsd  
        http://www.springframework.org/schema/mvc  
        http://www.springframework.org/schema/mvc/spring-mvc.xsd"> 

    <context:component-scan base-package="bao" />
    <mvc:annotation-driven/>  
    <bean class="org.springframework.web.servlet.view.InternalResourceViewResolver">
    <property name="prefix" value="/uao/"></property>
    <property name="suffix" value=".jsp"></property>
    </bean>
    <bean id="multipartResolver"  
class="org.springframework.web.multipart.commons.CommonsMultipartResolver"/> 
    </beans>